DNA Change,Type,Consequences,# Affected Cases in Cohort,Impact,Patients Associated
chr17:g.7675088C>T,Substitution,Missense TP53 R175H,"18 / 331,5.44%","VEP: MODERATE, SIFT: tolerated - score 0.11, PolyPhen: benign - score 0.319","TCGA-BH-A1FU
TCGA-EW-A1P1
TCGA-AR-A1AS
TCGA-AO-A03O
TCGA-AO-A0J2
TCGA-D8-A27N
TCGA-C8-A12O
TCGA-AR-A1AJ
TCGA-BH-A0B0
TCGA-C8-A131
TCGA-BH-A5IZ
TCGA-GM-A2DD
TCGA-BH-A0E0
TCGA-D8-A1JM
TCGA-A2-A04T
TCGA-BH-A203
TCGA-AR-A2LH
TCGA-AR-A24T
TCGA-AR-A24Q
TCGA-AC-A6IW
TCGA-PL-A8LZ
TCGA-E9-A1NC
TCGA-A1-A0SI
TCGA-A7-A0CJ
TCGA-LL-A6FR
TCGA-E9-A244
TCGA-BH-A0GY
TCGA-B6-A401
TCGA-AN-A0AL
TCGA-C8-A134"
chr17:g.7673802C>T,Substitution,Missense TP53 R273H,"12 / 331,3.63%","VEP: MODERATE, SIFT: tolerated - score 0.13, PolyPhen: possibly_damaging - score 0.643","TCGA-EW-A1P1
TCGA-C8-A12O
TCGA-AR-A1AJ
TCGA-BH-A5IZ
TCGA-D8-A1JM
TCGA-A2-A04T
TCGA-BH-A203
TCGA-AR-A2LH
TCGA-AR-A24T
TCGA-E9-A1NC
TCGA-LL-A6FR
TCGA-C8-A134"
chr17:g.7674945G>A,Substitution,Stop Gained TP53 R196*,"8 / 331,2.42%",VEP: HIGH,"TCGA-B6-A0RU
TCGA-E9-A1N9
TCGA-C8-A1HJ
TCGA-A2-A0CW
TCGA-E2-A14N
TCGA-AR-A1AP
TCGA-A2-A0D0
TCGA-D8-A27M"
chr17:g.7670685G>A,Substitution,Stop Gained TP53 R342*,"7 / 331,2.11%",VEP: HIGH,"TCGA-A2-A3Y0
TCGA-BH-A0RX
TCGA-A2-A0YJ
TCGA-AN-A0G0
TCGA-OL-A66I
TCGA-AO-A128
TCGA-E2-A1B6"
chr17:g.7674872T>C,Substitution,Missense TP53 Y220C,"7 / 331,2.11%","VEP: MODERATE, SIFT: deleterious - score 0, PolyPhen: probably_damaging - score 0.998","TCGA-A2-A0T2
TCGA-E9-A1ND
TCGA-B6-A0IJ
TCGA-AR-A0U1
TCGA-AO-A0JE
TCGA-E2-A573
TCGA-A1-A0SO"
chr17:g.7674894G>A,Substitution,Stop Gained TP53 R213*,"6 / 331,1.81%",VEP: HIGH,"TCGA-E2-A14X
TCGA-AO-A0JB
TCGA-BH-A202
TCGA-D8-A1Y3
TCGA-AO-A124
TCGA-EW-A1PA"
chr17:g.7674221G>A,Substitution,Missense TP53 R248W,"6 / 331,1.81%","VEP: MODERATE, SIFT: deleterious - score 0, PolyPhen: probably_damaging - score 1","TCGA-AN-A0FX
TCGA-A8-A07R
TCGA-B6-A0WX
TCGA-BH-A0BC
TCGA-C8-A12P
TCGA-D8-A1XL"
chr17:g.7674953T>C,Substitution,Missense TP53 H193R,"6 / 331,1.81%","VEP: MODERATE, SIFT: deleterious - score 0, PolyPhen: probably_damaging - score 1","TCGA-E9-A5FL
TCGA-AN-A0FT
TCGA-E2-A15E
TCGA-C8-A27B
TCGA-E9-A1N5
TCGA-A8-A09N"
chr17:g.7675076T>C,Substitution,Missense TP53 H179R,"6 / 331,1.81%","VEP: MODERATE, SIFT: deleterious - score 0, PolyPhen: probably_damaging - score 0.98","TCGA-EW-A6S9
TCGA-D8-A1JF
TCGA-AN-A04C
TCGA-EW-A1P4
TCGA-A8-A07W
TCGA-A7-A6VW"
chr17:g.7674947A>G,Substitution,Missense TP53 I195T,"5 / 331,1.51%","VEP: MODERATE, SIFT: deleterious - score 0, PolyPhen: probably_damaging - score 0.993","TCGA-E2-A158
TCGA-AC-A62X
TCGA-C8-A12K
TCGA-A7-A0DA
TCGA-E2-A14R"
chr17:g.7673803G>A,Substitution,Missense TP53 R273C,"4 / 331,1.21%","VEP: MODERATE, SIFT: deleterious - score 0, PolyPhen: probably_damaging - score 0.999","TCGA-A2-A0SW
TCGA-A2-A0T1
TCGA-AR-A1AW
TCGA-B6-A0RS"
chr17:g.7673776G>A,Substitution,Missense TP53 R282W,"4 / 331,1.21%","VEP: MODERATE, SIFT: deleterious - score 0, PolyPhen: probably_damaging - score 1","TCGA-AO-A0J4
TCGA-E2-A14Z
TCGA-EW-A6SB
TCGA-EW-A1P8"
chr17:g.7675085C>A,Substitution,Missense TP53 C176F,"4 / 331,1.21%","VEP: MODERATE, SIFT: deleterious - score 0, PolyPhen: probably_damaging - score 0.998","TCGA-A8-A08X
TCGA-D8-A147
TCGA-A7-A26F
TCGA-AR-A0U2"
chr17:g.7674240delG,Deletion,Frameshift TP53 C242Afs*5,"4 / 331,1.21%",VEP: HIGH,"TCGA-C8-A135
TCGA-D8-A27F
TCGA-AO-A12D
TCGA-AR-A2LR"
chr17:g.7674904delTC,Deletion,Frameshift TP53 R209Kfs*6,"4 / 331,1.21%",VEP: HIGH,"TCGA-AR-A5QQ
TCGA-A8-A06U
TCGA-OL-A5RW
TCGA-A8-A094"
chr17:g.7674950A>C,Substitution,Missense TP53 L194R,"4 / 331,1.21%","VEP: MODERATE, SIFT: deleterious - score 0, PolyPhen: probably_damaging - score 1","TCGA-LL-A5YO
TCGA-B6-A0IK
TCGA-AC-A5EH
TCGA-AR-A0U0"
chr17:g.7673767C>T,Substitution,Missense TP53 E285K,"3 / 331,0.91%","VEP: MODERATE, SIFT: deleterious - score 0, PolyPhen: probably_damaging - score 0.983","TCGA-AR-A251
TCGA-Z7-A8R6
TCGA-BH-A1F2"
chr17:g.7675190C>T,Substitution,Missense TP53 C141Y,"3 / 331,0.91%","VEP: MODERATE, SIFT: deleterious - score 0, PolyPhen: probably_damaging - score 0.999","TCGA-D8-A1JJ
TCGA-A8-A081
TCGA-D8-A13Z"
chr17:g.7674229C>T,Substitution,Missense TP53 G245D,"3 / 331,0.91%","VEP: MODERATE, SIFT: deleterious - score 0, PolyPhen: probably_damaging - score 0.999","TCGA-BH-A0H7
TCGA-BH-A0HY
TCGA-AO-A03V"
chr17:g.7673704G>A,Substitution,Stop Gained TP53 R306*,"3 / 331,0.91%",VEP: HIGH,"TCGA-AQ-A54N
TCGA-E9-A6HE
TCGA-D8-A1XA"
chr17:g.7674885C>T,Substitution,Missense TP53 V216M,"3 / 331,0.91%","VEP: MODERATE, SIFT: deleterious - score 0, PolyPhen: probably_damaging - score 1","TCGA-E2-A159
TCGA-AR-A0TV
TCGA-BH-A0B3"
chr17:g.7674292T>C,Substitution,Splice Acceptor TP53 X225_splice,"3 / 331,0.91%",VEP: HIGH,"TCGA-GM-A2DF
TCGA-AN-A0FL
TCGA-BH-A1FC"
chr17:g.7673537G>A,Substitution,Stop Gained TP53 Q331*,"3 / 331,0.91%",VEP: HIGH,"TCGA-BH-A18H
TCGA-GM-A2DH
TCGA-A2-A0D1"
chr17:g.7673802C>A,Substitution,Missense TP53 R273L,"3 / 331,0.91%","VEP: MODERATE, SIFT: deleterious - score 0, PolyPhen: probably_damaging - score 0.994","TCGA-C8-A26W
TCGA-LL-A8F5
TCGA-A2-A0CL"
chr17:g.7676031A>C,Substitution,Missense TP53 F113C,"2 / 331,0.60%","VEP: MODERATE, SIFT: deleterious - score 0, PolyPhen: probably_damaging - score 1","TCGA-E9-A1NF
TCGA-E2-A9RU"
chr17:g.7674230C>T,Substitution,Missense TP53 G245S,"2 / 331,0.60%","VEP: MODERATE, SIFT: deleterious - score 0, PolyPhen: probably_damaging - score 0.998","TCGA-BH-A0BF
TCGA-E9-A22E"
chr17:g.7674953T>A,Substitution,Missense TP53 H193L,"2 / 331,0.60%","VEP: MODERATE, SIFT: deleterious - score 0, PolyPhen: probably_damaging - score 1","TCGA-D8-A1JL
TCGA-AO-A0JD"
chr17:g.7675095C>T,Substitution,Missense TP53 V173M,"2 / 331,0.60%","VEP: MODERATE, SIFT: deleterious - score 0.02, PolyPhen: probably_damaging - score 0.952","TCGA-C8-A26X
TCGA-AN-A0FY"
chr17:g.7673781C>T,Substitution,Missense TP53 R280K,"2 / 331,0.60%","VEP: MODERATE, SIFT: deleterious - score 0.04, PolyPhen: probably_damaging - score 0.925","TCGA-LL-A5YP
TCGA-LD-A74U"
chr17:g.7673764C>T,Substitution,Missense TP53 E286K,"2 / 331,0.60%","VEP: MODERATE, SIFT: deleterious - score 0, PolyPhen: probably_damaging - score 0.977","TCGA-EW-A6SD
TCGA-E2-A1LS"
chr17:g.7673823C>T,Substitution,Missense TP53 G266E,"2 / 331,0.60%","VEP: MODERATE, SIFT: deleterious - score 0, PolyPhen: probably_damaging - score 0.999","TCGA-C8-A275
TCGA-A7-A26I"
chr17:g.7670684C>G,Substitution,Missense TP53 R342P,"2 / 331,0.60%","VEP: MODERATE, SIFT: deleterious - score 0.01, PolyPhen: possibly_damaging - score 0.829","TCGA-AC-A5XU
TCGA-C8-A12Z"
chr17:g.7676046delC,Deletion,Frameshift TP53 G108Vfs*15,"2 / 331,0.60%",VEP: HIGH,"TCGA-A2-A04P
TCGA-AN-A0AJ"
chr17:g.7675218T>C,Substitution,Missense TP53 K132E,"2 / 331,0.60%","VEP: MODERATE, SIFT: deleterious - score 0, PolyPhen: probably_damaging - score 0.994","TCGA-E2-A152
TCGA-A2-A4S3"
chr17:g.7674935C>A,Substitution,Missense TP53 G199V,"2 / 331,0.60%","VEP: MODERATE, SIFT: deleterious - score 0, PolyPhen: probably_damaging - score 0.999","TCGA-C8-A27A
TCGA-A2-A0SX"
chr17:g.7674887C>A,Substitution,Missense TP53 S215I,"2 / 331,0.60%","VEP: MODERATE, SIFT: deleterious - score 0, PolyPhen: probably_damaging - score 1","TCGA-AC-A2BK
TCGA-A8-A079"
chr17:g.7674250C>T,Substitution,Missense TP53 C238Y,"2 / 331,0.60%","VEP: MODERATE, SIFT: deleterious - score 0, PolyPhen: probably_damaging - score 1","TCGA-A8-A06Q
TCGA-A8-A092"
chr17:g.7673740C>A,Substitution,Stop Gained TP53 E294*,"2 / 331,0.60%",VEP: HIGH,"TCGA-AC-A8OQ
TCGA-GM-A2DB"
chr17:g.7674220C>T,Substitution,Missense TP53 R248Q,"2 / 331,0.60%","VEP: MODERATE, SIFT: deleterious - score 0, PolyPhen: probably_damaging - score 0.994","TCGA-E2-A574
TCGA-BH-A0AV"
chr17:g.7673788G>T,Substitution,Missense TP53 P278T,"2 / 331,0.60%","VEP: MODERATE, SIFT: deleterious - score 0, PolyPhen: probably_damaging - score 0.997","TCGA-B6-A0RT
TCGA-BH-A0B9"
chr17:g.7674262T>C,Substitution,Missense TP53 Y234C,"2 / 331,0.60%","VEP: MODERATE, SIFT: deleterious - score 0, PolyPhen: probably_damaging - score 0.98","TCGA-AR-A24P
TCGA-A2-A0EY"
chr17:g.7676041delG,Deletion,Frameshift TP53 R110Vfs*13,"2 / 331,0.60%",VEP: HIGH,"TCGA-AR-A1AN
TCGA-BH-A0C0"
chr17:g.7673806C>T,Substitution,Missense TP53 V272M,"2 / 331,0.60%","VEP: MODERATE, SIFT: deleterious - score 0, PolyPhen: probably_damaging - score 0.998","TCGA-OL-A5D7
TCGA-A2-A04W"
chr17:g.7674872T>G,Substitution,Missense TP53 Y220S,"2 / 331,0.60%","VEP: MODERATE, SIFT: deleterious - score 0, PolyPhen: probably_damaging - score 0.949","TCGA-E9-A243
TCGA-B6-A0RH"
chr17:g.7675216C>G,Substitution,Missense TP53 K132N,"2 / 331,0.60%","VEP: MODERATE, SIFT: deleterious - score 0, PolyPhen: probably_damaging - score 0.999","TCGA-E2-A1B0
TCGA-BH-A0BP"
chr17:g.7674250C>A,Substitution,Missense TP53 C238F,"2 / 331,0.60%","VEP: MODERATE, SIFT: deleterious - score 0, PolyPhen: probably_damaging - score 1","TCGA-C8-A12L
TCGA-D8-A1X5"
chr17:g.7676050A>C,Substitution,Missense TP53 Y107D,"1 / 331,0.30%","VEP: MODERATE, SIFT: deleterious - score 0.01, PolyPhen: probably_damaging - score 0.955",TCGA-BH-A18T
chr17:g.7676096C>T,Substitution,Stop Gained TP53 W91*,"1 / 331,0.30%",VEP: HIGH,TCGA-E9-A243
chr17:g.7676017_7676018insC,Insertion,Frameshift TP53 T118Dfs*31,"1 / 331,0.30%",VEP: HIGH,TCGA-S3-AA10
chr17:g.7673713delT,Deletion,Frameshift TP53 S303Afs*42,"1 / 331,0.30%",VEP: HIGH,TCGA-B6-A0RE
chr17:g.7673709delG,Deletion,Frameshift TP53 T304Ifs*41,"1 / 331,0.30%",VEP: HIGH,TCGA-A7-A56D
chr17:g.7673533A>C,Substitution,Splice Donor TP53 X331_splice,"1 / 331,0.30%",VEP: HIGH,TCGA-D8-A143
chr17:g.7675206G>C,Substitution,Missense TP53 Q136E,"1 / 331,0.30%","VEP: MODERATE, SIFT: deleterious - score 0, PolyPhen: probably_damaging - score 0.956",TCGA-E2-A14Y
chr17:g.7675142A>C,Substitution,Missense TP53 V157G,"1 / 331,0.30%","VEP: MODERATE, SIFT: deleterious - score 0, PolyPhen: probably_damaging - score 1",TCGA-E2-A1IN
chr17:g.7674954G>A,Substitution,Missense TP53 H193Y,"1 / 331,0.30%","VEP: MODERATE, SIFT: deleterious - score 0, PolyPhen: probably_damaging - score 1",TCGA-C8-A12W
chr17:g.7673812A>T,Substitution,Missense TP53 F270I,"1 / 331,0.30%","VEP: MODERATE, SIFT: deleterious - score 0, PolyPhen: probably_damaging - score 0.996",TCGA-AR-A1AI
chr17:g.7673787G>A,Substitution,Missense TP53 P278L,"1 / 331,0.30%","VEP: MODERATE, SIFT: deleterious - score 0, PolyPhen: probably_damaging - score 1",TCGA-A2-A0YH
chr17:g.7675994C>G,Substitution,Splice Region TP53 T125=,"1 / 331,0.30%",VEP: LOW,TCGA-BH-A0BW
chr17:g.7673838C>A,Substitution,Splice Acceptor TP53 X261_splice,"1 / 331,0.30%",VEP: HIGH,TCGA-A7-A4SE
chr17:g.7675052C>A,Substitution,Splice Donor TP53 X187_splice,"1 / 331,0.30%",VEP: HIGH,TCGA-A8-A075
chr17:g.7675233A>G,Substitution,Missense TP53 S127P,"1 / 331,0.30%","VEP: MODERATE, SIFT: deleterious - score 0, PolyPhen: probably_damaging - score 1",TCGA-BH-A1F6
chr17:g.7674199A>T,Substitution,Missense TP53 I255N,"1 / 331,0.30%","VEP: MODERATE, SIFT: deleterious - score 0, PolyPhen: probably_damaging - score 0.997",TCGA-BH-A0DI
chr17:g.7675220delT,Deletion,Frameshift TP53 N131Tfs*39,"1 / 331,0.30%",VEP: HIGH,TCGA-C8-A130
chr17:g.7673743delCTTT,Deletion,Frameshift TP53 K292Gfs*52,"1 / 331,0.30%",VEP: HIGH,TCGA-EW-A1PH
chr17:g.7676041_7676042insGA,Insertion,Frameshift TP53 R110Sfs*14,"1 / 331,0.30%",VEP: HIGH,TCGA-AR-A256
chr17:g.7674193A>C,Substitution,Missense TP53 L257R,"1 / 331,0.30%","VEP: MODERATE, SIFT: deleterious - score 0, PolyPhen: probably_damaging - score 0.998",TCGA-LD-A7W5
chr17:g.7674199A>C,Substitution,Missense TP53 I255S,"1 / 331,0.30%","VEP: MODERATE, SIFT: deleterious - score 0, PolyPhen: probably_damaging - score 0.995",TCGA-A2-A0YT
chr17:g.7674200T>A,Substitution,Missense TP53 I255F,"1 / 331,0.30%","VEP: MODERATE, SIFT: deleterious - score 0, PolyPhen: probably_damaging - score 0.984",TCGA-E2-A1L7
chr17:g.7675235T>C,Substitution,Missense TP53 Y126C,"1 / 331,0.30%","VEP: MODERATE, SIFT: deleterious - score 0, PolyPhen: probably_damaging - score 1",TCGA-BH-A1EY
chr17:g.7675173delC,Deletion,Frameshift TP53 V147Lfs*23,"1 / 331,0.30%",VEP: HIGH,TCGA-BH-A1F0
chr17:g.7674239A>C,Substitution,Missense TP53 C242G,"1 / 331,0.30%","VEP: MODERATE, SIFT: deleterious - score 0, PolyPhen: probably_damaging - score 1",TCGA-OL-A5D6
chr17:g.7673783delCCCAGGAC…,Deletion,Protein Altering TP53 F270_G279...,"1 / 331,0.30%",VEP: MODERATE,TCGA-D8-A1XK
chr17:g.7674941A>C,Substitution,Missense TP53 V197G,"1 / 331,0.30%","VEP: MODERATE, SIFT: deleterious - score 0, PolyPhen: probably_damaging - score 0.998",TCGA-AQ-A04H
chr17:g.7673755_7673756insATTCTCTT…,Insertion,Frameshift TP53 L289Ffs*65,"1 / 331,0.30%",VEP: HIGH,TCGA-D8-A1JG
chr17:g.7675109T>G,Substitution,Missense TP53 H168P,"1 / 331,0.30%","VEP: MODERATE, SIFT: deleterious - score 0, PolyPhen: probably_damaging - score 0.983",TCGA-C8-A278
chr17:g.7673811A>G,Substitution,Missense TP53 F270S,"1 / 331,0.30%","VEP: MODERATE, SIFT: deleterious - score 0, PolyPhen: probably_damaging - score 1",TCGA-BH-A0AW
chr17:g.7675095C>A,Substitution,Missense TP53 V173L,"1 / 331,0.30%","VEP: MODERATE, SIFT: deleterious - score 0, PolyPhen: possibly_damaging - score 0.827",TCGA-D8-A1J9
chr17:g.7673834delACCACTA,Deletion,Splice Acceptor TP53 X261_splice,"1 / 331,0.30%",VEP: HIGH,TCGA-E2-A574
chr17:g.7673784C>T,Substitution,Missense TP53 G279E,"1 / 331,0.30%","VEP: MODERATE, SIFT: deleterious - score 0, PolyPhen: probably_damaging - score 1",TCGA-A8-A06O
chr17:g.7676114_7676115insG,Insertion,Frameshift TP53 A86Cfs*63,"1 / 331,0.30%",VEP: HIGH,TCGA-E2-A1LK
chr17:g.7674900delT,Deletion,Frameshift TP53 T211Lfs*36,"1 / 331,0.30%",VEP: HIGH,TCGA-AO-A0J6
chr17:g.7675128_7675129insGGCCA,Insertion,Frameshift TP53 I162Wfs*10,"1 / 331,0.30%",VEP: HIGH,TCGA-B6-A0I2
chr17:g.7674292T>A,Substitution,Splice Acceptor TP53 X225_splice,"1 / 331,0.30%",VEP: HIGH,TCGA-LL-A73Y
chr17:g.7673764C>G,Substitution,Missense TP53 E286Q,"1 / 331,0.30%","VEP: MODERATE, SIFT: deleterious - score 0, PolyPhen: probably_damaging - score 0.983",TCGA-E9-A1RB
chr17:g.7674957G>A,Substitution,Stop Gained TP53 Q192*,"1 / 331,0.30%",VEP: HIGH,TCGA-EW-A1OY
chr17:g.7673777G>T,Substitution,Missense TP53 D281E,"1 / 331,0.30%","VEP: MODERATE, SIFT: deleterious - score 0.01, PolyPhen: probably_damaging - score 0.938",TCGA-GM-A2DL
chr17:g.7673782T>A,Substitution,Stop Gained TP53 R280*,"1 / 331,0.30%",VEP: HIGH,TCGA-C8-A1HK
chr17:g.7675144delGCG,Deletion,Inframe Deletion TP53 R156del,"1 / 331,0.30%",VEP: MODERATE,TCGA-GM-A3XL
chr17:g.7675205T>G,Substitution,Missense TP53 Q136P,"1 / 331,0.30%","VEP: MODERATE, SIFT: deleterious - score 0, PolyPhen: probably_damaging - score 0.998",TCGA-UU-A93S
chr17:g.7676273C>G,Substitution,Splice Acceptor TP53 X33_splice,"1 / 331,0.30%",VEP: HIGH,TCGA-E2-A155
chr17:g.7675229delG,Deletion,Frameshift TP53 P128Lfs*42,"1 / 331,0.30%",VEP: HIGH,TCGA-A8-A06Z
chr17:g.7673733delTGAGGCTC…,Deletion,Frameshift TP53 E287Pfs*9,"1 / 331,0.30%",VEP: HIGH,TCGA-A2-A0T3
chr17:g.7675084G>T,Substitution,Stop Gained TP53 C176*,"1 / 331,0.30%",VEP: HIGH,TCGA-E2-A150
chr17:g.7674225C>T,Substitution,Missense TP53 M246I,"1 / 331,0.30%","VEP: MODERATE, SIFT: deleterious - score 0, PolyPhen: probably_damaging - score 0.947",TCGA-A8-A09X
chr17:g.7675098delCCTC,Deletion,Frameshift TP53 E171Lfs*2,"1 / 331,0.30%",VEP: HIGH,TCGA-AN-A0AR
chr17:g.7673726_7673727insT,Insertion,Frameshift TP53 L299Afs*7,"1 / 331,0.30%",VEP: HIGH,TCGA-A7-A6VY
chr17:g.7676042_7676043insAA,Insertion,Frameshift TP53 R110Sfs*14,"1 / 331,0.30%",VEP: HIGH,TCGA-AR-A24K
chr17:g.7675091delCTCACAAC…,Deletion,Frameshift TP53 Q165Afs*6,"1 / 331,0.30%",VEP: HIGH,TCGA-A8-A07B
chr17:g.7674857A>T,Substitution,Splice Donor TP53 X224_splice,"1 / 331,0.30%",VEP: HIGH,TCGA-A8-A09Q
chr17:g.7675142A>T,Substitution,Missense TP53 V157D,"1 / 331,0.30%","VEP: MODERATE, SIFT: deleterious - score 0, PolyPhen: probably_damaging - score 1",TCGA-OL-A6VO
chr17:g.7675191A>G,Substitution,Missense TP53 C141R,"1 / 331,0.30%","VEP: MODERATE, SIFT: deleterious - score 0, PolyPhen: probably_damaging - score 1",TCGA-C8-A1HG
chr17:g.7674241G>C,Substitution,Missense TP53 S241C,"1 / 331,0.30%","VEP: MODERATE, SIFT: deleterious - score 0, PolyPhen: probably_damaging - score 1",TCGA-BH-A0WA
chr17:g.7670694delC,Deletion,Frameshift TP53 E339Rfs*6,"1 / 331,0.30%",VEP: HIGH,TCGA-E9-A1RH
chr17:g.7675077G>A,Substitution,Missense TP53 H179Y,"1 / 331,0.30%","VEP: MODERATE, SIFT: deleterious - score 0, PolyPhen: probably_damaging - score 0.991",TCGA-C8-A1HF
chr17:g.7673826A>C,Substitution,Missense TP53 L265R,"1 / 331,0.30%","VEP: MODERATE, SIFT: deleterious - score 0, PolyPhen: probably_damaging - score 1",TCGA-AO-A03R
chr17:g.7676140_7676141insTGCA,Insertion,Frameshift TP53 P77Cfs*73,"1 / 331,0.30%",VEP: HIGH,TCGA-BH-A18Q
chr17:g.7673778T>A,Substitution,Missense TP53 D281V,"1 / 331,0.30%","VEP: MODERATE, SIFT: deleterious - score 0, PolyPhen: probably_damaging - score 0.987",TCGA-AR-A24S
chr17:g.7675113G>A,Substitution,Stop Gained TP53 Q167*,"1 / 331,0.30%",VEP: HIGH,TCGA-D8-A1XZ
chr17:g.7674213delG,Deletion,Frameshift TP53 I251Sfs*94,"1 / 331,0.30%",VEP: HIGH,TCGA-A8-A097
chr17:g.7675237C>T,Substitution,Splice Acceptor TP53 X126_splice,"1 / 331,0.30%",VEP: HIGH,TCGA-AN-A0XT
chr17:g.7673781C>G,Substitution,Missense TP53 R280T,"1 / 331,0.30%","VEP: MODERATE, SIFT: deleterious - score 0, PolyPhen: probably_damaging - score 0.98",TCGA-BH-A1FN
chr17:g.7675124T>C,Substitution,Missense TP53 Y163C,"1 / 331,0.30%","VEP: MODERATE, SIFT: deleterious - score 0, PolyPhen: probably_damaging - score 0.999",TCGA-EW-A1PB
chr17:g.7675208C>T,Substitution,Missense TP53 C135Y,"1 / 331,0.30%","VEP: MODERATE, SIFT: deleterious - score 0, PolyPhen: probably_damaging - score 1",TCGA-B6-A0I9
chr17:g.7673788G>C,Substitution,Missense TP53 P278A,"1 / 331,0.30%","VEP: MODERATE, SIFT: deleterious - score 0.01, PolyPhen: probably_damaging - score 0.988",TCGA-D8-A142
chr17:g.7674209delG,Deletion,Frameshift TP53 L252Sfs*93,"1 / 331,0.30%",VEP: HIGH,TCGA-D8-A1XQ
chr17:g.7673545delA,Deletion,Frameshift TP53 F328Sfs*17,"1 / 331,0.30%",VEP: HIGH,TCGA-A8-A07U
chr17:g.7675182G>A,Substitution,Stop Gained TP53 Q144*,"1 / 331,0.30%",VEP: HIGH,TCGA-AC-A3OD
chr17:g.7675090delC,Deletion,Frameshift TP53 R174Sfs*73,"1 / 331,0.30%",VEP: HIGH,TCGA-AC-A23C
chr17:g.7674899delGT,Deletion,Frameshift TP53 T211Ffs*4,"1 / 331,0.30%",VEP: HIGH,TCGA-A7-A5ZV
chr17:g.7675206G>A,Substitution,Stop Gained TP53 Q136*,"1 / 331,0.30%",VEP: HIGH,TCGA-C8-A8HP
chr17:g.7673567delTCTTCTTT…,Deletion,Frameshift TP53 P318Tfs*15,"1 / 331,0.30%",VEP: HIGH,TCGA-A2-A0D2
chr17:g.7674873A>G,Substitution,Missense TP53 Y220H,"1 / 331,0.30%","VEP: MODERATE, SIFT: deleterious - score 0, PolyPhen: probably_damaging - score 0.998",TCGA-A7-A26G
chr17:g.7673794C>G,Substitution,Missense TP53 A276P,"1 / 331,0.30%","VEP: MODERATE, SIFT: deleterious - score 0.03, PolyPhen: possibly_damaging - score 0.569",TCGA-D8-A1XT
chr17:g.7675140G>C,Substitution,Missense TP53 R158G,"1 / 331,0.30%","VEP: MODERATE, SIFT: deleterious - score 0, PolyPhen: probably_damaging - score 0.994",TCGA-BH-A0BT
chr17:g.7673776G>C,Substitution,Missense TP53 R282G,"1 / 331,0.30%","VEP: MODERATE, SIFT: deleterious - score 0.03, PolyPhen: possibly_damaging - score 0.801",TCGA-D8-A1XJ
chr17:g.7675993delC,Deletion,Splice Donor TP53 X125_splice,"1 / 331,0.30%",VEP: HIGH,TCGA-B6-A1KF
chr17:g.7674191C>G,Substitution,Missense TP53 E258Q,"1 / 331,0.30%","VEP: MODERATE, SIFT: deleterious - score 0, PolyPhen: probably_damaging - score 0.999",TCGA-BH-A0DZ
chr17:g.7673789delACAGGCAC…,Deletion,Frameshift TP53 C275Lfs*67,"1 / 331,0.30%",VEP: HIGH,TCGA-AN-A0XU
chr17:g.7674214G>A,Substitution,Missense TP53 P250L,"1 / 331,0.30%","VEP: MODERATE, SIFT: deleterious - score 0, PolyPhen: probably_damaging - score 0.998",TCGA-A7-A6VX
chr17:g.7674960_7674961insA,Insertion,Frameshift TP53 P191Sfs*18,"1 / 331,0.30%",VEP: HIGH,TCGA-E2-A1IO
chr17:g.7674208A>G,Substitution,Missense TP53 L252P,"1 / 331,0.30%","VEP: MODERATE, SIFT: deleterious - score 0, PolyPhen: probably_damaging - score 1",TCGA-AN-A0FV
chr17:g.7675064G>C,Substitution,Stop Gained TP53 S183*,"1 / 331,0.30%",VEP: HIGH,TCGA-A1-A0SP
chr17:g.7676101delA,Deletion,Frameshift TP53 S90Pfs*33,"1 / 331,0.30%",VEP: HIGH,TCGA-AR-A1AR
chr17:g.7676564C>T,Substitution,Missense TP53 E11K,"1 / 331,0.30%","VEP: MODERATE, SIFT: deleterious - score 0.02, PolyPhen: possibly_damaging - score 0.815",TCGA-AN-A046
chr17:g.7674950A>G,Substitution,Missense TP53 L194P,"1 / 331,0.30%","VEP: MODERATE, SIFT: deleterious - score 0, PolyPhen: probably_damaging - score 1",TCGA-C8-A1HM
chr17:g.7675997G>T,Substitution,Stop Gained TP53 C124*,"1 / 331,0.30%",VEP: HIGH,TCGA-AR-A254
chr17:g.7675214A>T,Substitution,Missense TP53 M133K,"1 / 331,0.30%","VEP: MODERATE, SIFT: deleterious - score 0, PolyPhen: benign - score 0.061",TCGA-A1-A0SK
chr17:g.7675095C>G,Substitution,Missense TP53 V173L,"1 / 331,0.30%","VEP: MODERATE, SIFT: deleterious - score 0, PolyPhen: possibly_damaging - score 0.827",TCGA-BH-A1FD
chr17:g.7673826A>G,Substitution,Missense TP53 L265P,"1 / 331,0.30%","VEP: MODERATE, SIFT: deleterious - score 0, PolyPhen: probably_damaging - score 1",TCGA-B6-A1KN
chr17:g.7675224G>C,Substitution,Missense TP53 L130V,"1 / 331,0.30%","VEP: MODERATE, SIFT: deleterious - score 0, PolyPhen: probably_damaging - score 0.999",TCGA-E2-A15M
chr17:g.7675143C>A,Substitution,Missense TP53 V157F,"1 / 331,0.30%","VEP: MODERATE, SIFT: deleterious - score 0, PolyPhen: probably_damaging - score 0.998",TCGA-E2-A14P
chr17:g.7674180C>T,Substitution,Splice Donor TP53 X261_splice,"1 / 331,0.30%",VEP: HIGH,TCGA-AO-A03L
chr17:g.7675080delGG,Deletion,Frameshift TP53 H178Pfs*2,"1 / 331,0.30%",VEP: HIGH,TCGA-B6-A0I6
chr17:g.7673749delTGCGGAGA…,Deletion,Frameshift TP53 E285Rfs*54,"1 / 331,0.30%",VEP: HIGH,TCGA-BH-A18U
chr17:g.7675125delAGA,Deletion,Inframe Deletion TP53 I162_Y163...,"1 / 331,0.30%",VEP: MODERATE,TCGA-A2-A0EQ
chr17:g.7675238T>G,Substitution,Splice Acceptor TP53 X126_splice,"1 / 331,0.30%",VEP: HIGH,TCGA-E2-A1II
chr17:g.7676025delTGCAAGAA…,Deletion,Inframe Deletion TP53 F113_H115del,"1 / 331,0.30%",VEP: MODERATE,TCGA-A2-A0SV
chr17:g.7674291C>T,Substitution,Splice Acceptor TP53 X225_splice,"1 / 331,0.30%",VEP: HIGH,TCGA-A2-A1G1
chr17:g.7674268A>C,Substitution,Missense TP53 I232S,"1 / 331,0.30%","VEP: MODERATE, SIFT: deleterious - score 0, PolyPhen: probably_damaging - score 0.971",TCGA-C8-A26V
chr17:g.7675217T>G,Substitution,Missense TP53 K132T,"1 / 331,0.30%","VEP: MODERATE, SIFT: deleterious - score 0, PolyPhen: probably_damaging - score 0.997",TCGA-E2-A1LH
chr17:g.7675160G>T,Substitution,Missense TP53 P151H,"1 / 331,0.30%","VEP: MODERATE, SIFT: deleterious - score 0, PolyPhen: possibly_damaging - score 0.803",TCGA-BH-A0BL
chr17:g.7675111delC,Deletion,Frameshift TP53 Q167Hfs*3,"1 / 331,0.30%",VEP: HIGH,TCGA-AR-A0U3
chr17:g.7675185delCAGGGCAG…,Deletion,Frameshift TP53 A138Cfs*27,"1 / 331,0.30%",VEP: HIGH,TCGA-D8-A13Y
chr17:g.7673534C>T,Substitution,Splice Donor TP53 X331_splice,"1 / 331,0.30%",VEP: HIGH,TCGA-D8-A1JK
chr17:g.7674223T>A,Substitution,Missense TP53 N247I,"1 / 331,0.30%","VEP: MODERATE, SIFT: deleterious - score 0, PolyPhen: probably_damaging - score 0.998",TCGA-BH-A1FE
chr17:g.7674197delTGA,Deletion,Inframe Deletion TP53 I255del,"1 / 331,0.30%",VEP: MODERATE,TCGA-E2-A1LG
chr17:g.7675207G>C,Substitution,Missense TP53 C135W,"1 / 331,0.30%","VEP: MODERATE, SIFT: deleterious - score 0, PolyPhen: probably_damaging - score 1",TCGA-BH-A0HX
chr17:g.7675238T>C,Substitution,Splice Acceptor TP53 X126_splice,"1 / 331,0.30%",VEP: HIGH,TCGA-AN-A0XN
chr17:g.7670687A>G,Substitution,Missense TP53 F341S,"1 / 331,0.30%","VEP: MODERATE, SIFT: deleterious - score 0, PolyPhen: possibly_damaging - score 0.767",TCGA-E2-A2P5
chr17:g.7675993C>A,Substitution,Splice Donor TP53 X125_splice,"1 / 331,0.30%",VEP: HIGH,TCGA-A2-A0YG
chr17:g.7675079delT,Deletion,Frameshift TP53 H178Pfs*69,"1 / 331,0.30%",VEP: HIGH,TCGA-BH-A0EE
chr17:g.7676218C>A,Substitution,Stop Gained TP53 E51*,"1 / 331,0.30%",VEP: HIGH,TCGA-AR-A24U
chr17:g.7673809_7673810insA,Insertion,Frameshift TP53 E271*,"1 / 331,0.30%",VEP: HIGH,TCGA-E9-A22G
chr17:g.7676215G>A,Substitution,Stop Gained TP53 Q52*,"1 / 331,0.30%",VEP: HIGH,TCGA-A7-A6VV
chr17:g.7675993C>T,Substitution,Splice Donor TP53 X125_splice,"1 / 331,0.30%",VEP: HIGH,TCGA-A8-A07O
chr17:g.7674939C>A,Substitution,Stop Gained TP53 E198*,"1 / 331,0.30%",VEP: HIGH,TCGA-AR-A0TS
chr17:g.7676037A>G,Substitution,Missense TP53 L111P,"1 / 331,0.30%","VEP: MODERATE, SIFT: deleterious - score 0, PolyPhen: probably_damaging - score 0.999",TCGA-AQ-A04J
chr17:g.7673700C>T,Substitution,Splice Donor TP53 X307_splice,"1 / 331,0.30%",VEP: HIGH,TCGA-B6-A0IE
chr17:g.7673534C>A,Substitution,Splice Donor TP53 X331_splice,"1 / 331,0.30%",VEP: HIGH,TCGA-B6-A0X1
chr17:g.7676047delCGT,Deletion,Frameshift TP53 Y107Cfs*16,"1 / 331,0.30%",VEP: HIGH,TCGA-A2-A04U
chr17:g.7674917T>C,Substitution,Missense TP53 Y205C,"1 / 331,0.30%","VEP: MODERATE, SIFT: deleterious - score 0, PolyPhen: probably_damaging - score 0.998",TCGA-AR-A0TX
chr17:g.7676038delGAC,Deletion,Inframe Deletion TP53 R110del,"1 / 331,0.30%",VEP: MODERATE,TCGA-AN-A0AS
chr17:g.7676046delCC,Deletion,Frameshift TP53 G108Ffs*40,"1 / 331,0.30%",VEP: HIGH,TCGA-AR-A1AH
chr17:g.7670685delG,Deletion,Frameshift TP53 R342Efs*3,"1 / 331,0.30%",VEP: HIGH,TCGA-AR-A1AQ
chr17:g.7675149T>G,Substitution,Missense TP53 T155P,"1 / 331,0.30%","VEP: MODERATE, SIFT: deleterious - score 0.01, PolyPhen: possibly_damaging - score 0.794",TCGA-A7-A0CE
chr17:g.7674870C>A,Substitution,Stop Gained TP53 E221*,"1 / 331,0.30%",VEP: HIGH,TCGA-A7-A13D
chr17:g.7673802C>G,Substitution,Missense TP53 R273P,"1 / 331,0.30%","VEP: MODERATE, SIFT: deleterious - score 0, PolyPhen: probably_damaging - score 0.999",TCGA-AR-A0TP
chr17:g.7676203C>A,Substitution,Stop Gained TP53 E56*,"1 / 331,0.30%",VEP: HIGH,TCGA-BH-A18V
chr17:g.7675140delGGACGCG,Deletion,Frameshift TP53 R156Afs*12,"1 / 331,0.30%",VEP: HIGH,TCGA-A8-A08P
chr17:g.7674908T>C,Substitution,Missense TP53 D208G,"1 / 331,0.30%","VEP: MODERATE, SIFT: deleterious - score 0.04, PolyPhen: probably_damaging - score 0.988",TCGA-A2-A04T
chr17:g.7674196_7674197insT,Insertion,Frameshift TP53 T256Nfs*8,"1 / 331,0.30%",VEP: HIGH,TCGA-E9-A1N8
chr17:g.7674172delGCTCCTGA…,Deletion,Splice Donor TP53 X261_splice,"1 / 331,0.30%",VEP: HIGH,TCGA-GM-A2DI
chr17:g.7676026delG,Deletion,Frameshift TP53 H115Ifs*8,"1 / 331,0.30%",VEP: HIGH,TCGA-E9-A248
chr17:g.7673606delGT,Deletion,Frameshift TP53 L308Afs*28,"1 / 331,0.30%",VEP: HIGH,TCGA-C8-A138
chr17:g.7674248_7674249insA,Insertion,Frameshift TP53 N239*,"1 / 331,0.30%",VEP: HIGH,TCGA-A8-A08R
chr17:g.7675146delGGGTGCCG…,Deletion,Frameshift TP53 P152Afs*14,"1 / 331,0.30%",VEP: HIGH,TCGA-E9-A226
chr17:g.7674207_7674208insA,Insertion,Frameshift TP53 T253Hfs*11,"1 / 331,0.30%",VEP: HIGH,TCGA-B6-A409
chr17:g.7674972C>T,Substitution,Splice Acceptor TP53 X187_splice,"1 / 331,0.30%",VEP: HIGH,TCGA-BH-A0B7
chr17:g.7673779C>A,Substitution,Missense TP53 D281Y,"1 / 331,0.30%","VEP: MODERATE, SIFT: deleterious - score 0, PolyPhen: probably_damaging - score 0.996",TCGA-AC-A2QH
chr17:g.7673800C>A,Substitution,Missense TP53 V274F,"1 / 331,0.30%","VEP: MODERATE, SIFT: deleterious - score 0.03, PolyPhen: possibly_damaging - score 0.496",TCGA-BH-A0BR
chr17:g.7675236A>T,Substitution,Missense TP53 Y126N,"1 / 331,0.30%","VEP: MODERATE, SIFT: deleterious - score 0, PolyPhen: probably_damaging - score 0.999",TCGA-D8-A1XW
chr17:g.7675184_7675185insCAGGGCAG…,Insertion,Frameshift TP53 V143Gfs*11,"1 / 331,0.30%",VEP: HIGH,TCGA-HN-A2NL
chr17:g.7675105C>T,Substitution,Missense TP53 M169I,"1 / 331,0.30%","VEP: MODERATE, SIFT: tolerated - score 0.12, PolyPhen: benign - score 0.021",TCGA-PE-A5DE
chr17:g.7670712delG,Deletion,Frameshift TP53 R333Vfs*12,"1 / 331,0.30%",VEP: HIGH,TCGA-A2-A0YM
chr17:g.7673788G>A,Substitution,Missense TP53 P278S,"1 / 331,0.30%","VEP: MODERATE, SIFT: deleterious - score 0.03, PolyPhen: probably_damaging - score 0.984",TCGA-AC-A7VC
chr17:g.7674191C>A,Substitution,Stop Gained TP53 E258*,"1 / 331,0.30%",VEP: HIGH,TCGA-EW-A1OZ
chr17:g.7675053C>T,Substitution,Missense TP53 G187S,"1 / 331,0.30%","VEP: MODERATE, SIFT: tolerated - score 0.21, PolyPhen: benign - score 0.078",TCGA-BH-A0C3
chr17:g.7674972C>G,Substitution,Splice Acceptor TP53 X187_splice,"1 / 331,0.30%",VEP: HIGH,TCGA-BH-A208
chr17:g.7674918A>T,Substitution,Missense TP53 Y205N,"1 / 331,0.30%","VEP: MODERATE, SIFT: deleterious - score 0, PolyPhen: probably_damaging - score 0.978",TCGA-C8-A12Q
chr17:g.7675064G>T,Substitution,Stop Gained TP53 S183*,"1 / 331,0.30%",VEP: HIGH,TCGA-3C-AALI
chr17:g.7673780T>G,Substitution,Missense TP53 R280S,"1 / 331,0.30%","VEP: MODERATE, SIFT: deleterious - score 0.03, PolyPhen: possibly_damaging - score 0.843",TCGA-A2-A4S1
chr17:g.7675142_7675143insG,Insertion,Frameshift TP53 V157Afs*24,"1 / 331,0.30%",VEP: HIGH,TCGA-AN-A0FJ
chr17:g.7675232G>T,Substitution,Missense TP53 S127Y,"1 / 331,0.30%","VEP: MODERATE, SIFT: deleterious - score 0, PolyPhen: probably_damaging - score 1",TCGA-S3-AA0Z
chr17:g.7675085C>G,Substitution,Missense TP53 C176S,"1 / 331,0.30%","VEP: MODERATE, SIFT: deleterious - score 0, PolyPhen: probably_damaging - score 0.965",TCGA-BH-A0EE
chr17:g.7673763T>G,Substitution,Missense TP53 E286A,"1 / 331,0.30%","VEP: MODERATE, SIFT: deleterious - score 0, PolyPhen: probably_damaging - score 0.989",TCGA-BH-A0DL
chr17:g.7675127delA,Deletion,Frameshift TP53 I162Tfs*8,"1 / 331,0.30%",VEP: HIGH,TCGA-A2-A0YE
chr17:g.7676028A>T,Substitution,Stop Gained TP53 L114*,"1 / 331,0.30%",VEP: HIGH,TCGA-B6-A0WX
chr17:g.7673796C>T,Substitution,Missense TP53 C275Y,"1 / 331,0.30%","VEP: MODERATE, SIFT: deleterious - score 0, PolyPhen: probably_damaging - score 0.997",TCGA-PL-A8LV
chr17:g.7674921delC,Deletion,Frameshift TP53 E204Sfs*43,"1 / 331,0.30%",VEP: HIGH,TCGA-A2-A0CM
