DNA Change	Type	Consequences	# Affected Cases in Cohort	Impact Patients 
chr17:g.7675088C>T	Substitution	Missense TP53 R175H	18 / 331,5.44%	VEP: MODERATE, SIFT: tolerated - score 0.11, PolyPhen: benign - score 0.319
chr17:g.7673802C>T	Substitution	Missense TP53 R273H	12 / 331,3.63%	VEP: MODERATE, SIFT: tolerated - score 0.13, PolyPhen: possibly_damaging - score 0.643
chr17:g.7674945G>A	Substitution	Stop Gained TP53 R196*	8 / 331,2.42%	VEP: HIGH
chr17:g.7670685G>A	Substitution	Stop Gained TP53 R342*	7 / 331,2.11%	VEP: HIGH
chr17:g.7674872T>C	Substitution	Missense TP53 Y220C	7 / 331,2.11%	VEP: MODERATE, SIFT: deleterious - score 0, PolyPhen: probably_damaging - score 0.998
chr17:g.7674894G>A	Substitution	Stop Gained TP53 R213*	6 / 331,1.81%	VEP: HIGH
chr17:g.7674221G>A	Substitution	Missense TP53 R248W	6 / 331,1.81%	VEP: MODERATE, SIFT: deleterious - score 0, PolyPhen: probably_damaging - score 1
chr17:g.7674953T>C	Substitution	Missense TP53 H193R	6 / 331,1.81%	VEP: MODERATE, SIFT: deleterious - score 0, PolyPhen: probably_damaging - score 1
chr17:g.7675076T>C	Substitution	Missense TP53 H179R	6 / 331,1.81%	VEP: MODERATE, SIFT: deleterious - score 0, PolyPhen: probably_damaging - score 0.98
chr17:g.7674947A>G	Substitution	Missense TP53 I195T	5 / 331,1.51%	VEP: MODERATE, SIFT: deleterious - score 0, PolyPhen: probably_damaging - score 0.993
chr17:g.7673803G>A	Substitution	Missense TP53 R273C	4 / 331,1.21%	VEP: MODERATE, SIFT: deleterious - score 0, PolyPhen: probably_damaging - score 0.999
chr17:g.7673776G>A	Substitution	Missense TP53 R282W	4 / 331,1.21%	VEP: MODERATE, SIFT: deleterious - score 0, PolyPhen: probably_damaging - score 1
chr17:g.7675085C>A	Substitution	Missense TP53 C176F	4 / 331,1.21%	VEP: MODERATE, SIFT: deleterious - score 0, PolyPhen: probably_damaging - score 0.998
chr17:g.7674240delG	Deletion	Frameshift TP53 C242Afs*5	4 / 331,1.21%	VEP: HIGH
chr17:g.7674904delTC	Deletion	Frameshift TP53 R209Kfs*6	4 / 331,1.21%	VEP: HIGH
chr17:g.7674950A>C	Substitution	Missense TP53 L194R	4 / 331,1.21%	VEP: MODERATE, SIFT: deleterious - score 0, PolyPhen: probably_damaging - score 1
chr17:g.7673767C>T	Substitution	Missense TP53 E285K	3 / 331,0.91%	VEP: MODERATE, SIFT: deleterious - score 0, PolyPhen: probably_damaging - score 0.983
chr17:g.7675190C>T	Substitution	Missense TP53 C141Y	3 / 331,0.91%	VEP: MODERATE, SIFT: deleterious - score 0, PolyPhen: probably_damaging - score 0.999
chr17:g.7674229C>T	Substitution	Missense TP53 G245D	3 / 331,0.91%	VEP: MODERATE, SIFT: deleterious - score 0, PolyPhen: probably_damaging - score 0.999
chr17:g.7673704G>A	Substitution	Stop Gained TP53 R306*	3 / 331,0.91%	VEP: HIGH
chr17:g.7674885C>T	Substitution	Missense TP53 V216M	3 / 331,0.91%	VEP: MODERATE, SIFT: deleterious - score 0, PolyPhen: probably_damaging - score 1
chr17:g.7674292T>C	Substitution	Splice Acceptor TP53 X225_splice	3 / 331,0.91%	VEP: HIGH
chr17:g.7673537G>A	Substitution	Stop Gained TP53 Q331*	3 / 331,0.91%	VEP: HIGH
chr17:g.7673802C>A	Substitution	Missense TP53 R273L	3 / 331,0.91%	VEP: MODERATE, SIFT: deleterious - score 0, PolyPhen: probably_damaging - score 0.994
chr17:g.7676031A>C	Substitution	Missense TP53 F113C	2 / 331,0.60%	VEP: MODERATE, SIFT: deleterious - score 0, PolyPhen: probably_damaging - score 1
chr17:g.7674230C>T	Substitution	Missense TP53 G245S	2 / 331,0.60%	VEP: MODERATE, SIFT: deleterious - score 0, PolyPhen: probably_damaging - score 0.998
chr17:g.7674953T>A	Substitution	Missense TP53 H193L	2 / 331,0.60%	VEP: MODERATE, SIFT: deleterious - score 0, PolyPhen: probably_damaging - score 1
chr17:g.7675095C>T	Substitution	Missense TP53 V173M	2 / 331,0.60%	VEP: MODERATE, SIFT: deleterious - score 0.02, PolyPhen: probably_damaging - score 0.952
chr17:g.7673781C>T	Substitution	Missense TP53 R280K	2 / 331,0.60%	VEP: MODERATE, SIFT: deleterious - score 0.04, PolyPhen: probably_damaging - score 0.925
chr17:g.7673764C>T	Substitution	Missense TP53 E286K	2 / 331,0.60%	VEP: MODERATE, SIFT: deleterious - score 0, PolyPhen: probably_damaging - score 0.977
chr17:g.7673823C>T	Substitution	Missense TP53 G266E	2 / 331,0.60%	VEP: MODERATE, SIFT: deleterious - score 0, PolyPhen: probably_damaging - score 0.999
chr17:g.7670684C>G	Substitution	Missense TP53 R342P	2 / 331,0.60%	VEP: MODERATE, SIFT: deleterious - score 0.01, PolyPhen: possibly_damaging - score 0.829
chr17:g.7676046delC	Deletion	Frameshift TP53 G108Vfs*15	2 / 331,0.60%	VEP: HIGH
chr17:g.7675218T>C	Substitution	Missense TP53 K132E	2 / 331,0.60%	VEP: MODERATE, SIFT: deleterious - score 0, PolyPhen: probably_damaging - score 0.994
chr17:g.7674935C>A	Substitution	Missense TP53 G199V	2 / 331,0.60%	VEP: MODERATE, SIFT: deleterious - score 0, PolyPhen: probably_damaging - score 0.999
chr17:g.7674887C>A	Substitution	Missense TP53 S215I	2 / 331,0.60%	VEP: MODERATE, SIFT: deleterious - score 0, PolyPhen: probably_damaging - score 1
chr17:g.7674250C>T	Substitution	Missense TP53 C238Y	2 / 331,0.60%	VEP: MODERATE, SIFT: deleterious - score 0, PolyPhen: probably_damaging - score 1
chr17:g.7673740C>A	Substitution	Stop Gained TP53 E294*	2 / 331,0.60%	VEP: HIGH
chr17:g.7674220C>T	Substitution	Missense TP53 R248Q	2 / 331,0.60%	VEP: MODERATE, SIFT: deleterious - score 0, PolyPhen: probably_damaging - score 0.994
chr17:g.7673788G>T	Substitution	Missense TP53 P278T	2 / 331,0.60%	VEP: MODERATE, SIFT: deleterious - score 0, PolyPhen: probably_damaging - score 0.997
chr17:g.7674262T>C	Substitution	Missense TP53 Y234C	2 / 331,0.60%	VEP: MODERATE, SIFT: deleterious - score 0, PolyPhen: probably_damaging - score 0.98
chr17:g.7676041delG	Deletion	Frameshift TP53 R110Vfs*13	2 / 331,0.60%	VEP: HIGH
chr17:g.7673806C>T	Substitution	Missense TP53 V272M	2 / 331,0.60%	VEP: MODERATE, SIFT: deleterious - score 0, PolyPhen: probably_damaging - score 0.998
chr17:g.7674872T>G	Substitution	Missense TP53 Y220S	2 / 331,0.60%	VEP: MODERATE, SIFT: deleterious - score 0, PolyPhen: probably_damaging - score 0.949
chr17:g.7675216C>G	Substitution	Missense TP53 K132N	2 / 331,0.60%	VEP: MODERATE, SIFT: deleterious - score 0, PolyPhen: probably_damaging - score 0.999
chr17:g.7674250C>A	Substitution	Missense TP53 C238F	2 / 331,0.60%	VEP: MODERATE, SIFT: deleterious - score 0, PolyPhen: probably_damaging - score 1
chr17:g.7676050A>C	Substitution	Missense TP53 Y107D	1 / 331,0.30%	VEP: MODERATE, SIFT: deleterious - score 0.01, PolyPhen: probably_damaging - score 0.955
chr17:g.7676096C>T	Substitution	Stop Gained TP53 W91*	1 / 331,0.30%	VEP: HIGH
chr17:g.7676017_7676018insC	Insertion	Frameshift TP53 T118Dfs*31	1 / 331,0.30%	VEP: HIGH
chr17:g.7673713delT	Deletion	Frameshift TP53 S303Afs*42	1 / 331,0.30%	VEP: HIGH
chr17:g.7673709delG	Deletion	Frameshift TP53 T304Ifs*41	1 / 331,0.30%	VEP: HIGH
chr17:g.7673533A>C	Substitution	Splice Donor TP53 X331_splice	1 / 331,0.30%	VEP: HIGH
chr17:g.7675206G>C	Substitution	Missense TP53 Q136E	1 / 331,0.30%	VEP: MODERATE, SIFT: deleterious - score 0, PolyPhen: probably_damaging - score 0.956
chr17:g.7675142A>C	Substitution	Missense TP53 V157G	1 / 331,0.30%	VEP: MODERATE, SIFT: deleterious - score 0, PolyPhen: probably_damaging - score 1
chr17:g.7674954G>A	Substitution	Missense TP53 H193Y	1 / 331,0.30%	VEP: MODERATE, SIFT: deleterious - score 0, PolyPhen: probably_damaging - score 1
chr17:g.7673812A>T	Substitution	Missense TP53 F270I	1 / 331,0.30%	VEP: MODERATE, SIFT: deleterious - score 0, PolyPhen: probably_damaging - score 0.996
chr17:g.7673787G>A	Substitution	Missense TP53 P278L	1 / 331,0.30%	VEP: MODERATE, SIFT: deleterious - score 0, PolyPhen: probably_damaging - score 1
chr17:g.7675994C>G	Substitution	Splice Region TP53 T125=	1 / 331,0.30%	VEP: LOW
chr17:g.7673838C>A	Substitution	Splice Acceptor TP53 X261_splice	1 / 331,0.30%	VEP: HIGH
chr17:g.7675052C>A	Substitution	Splice Donor TP53 X187_splice	1 / 331,0.30%	VEP: HIGH
chr17:g.7675233A>G	Substitution	Missense TP53 S127P	1 / 331,0.30%	VEP: MODERATE, SIFT: deleterious - score 0, PolyPhen: probably_damaging - score 1
chr17:g.7674199A>T	Substitution	Missense TP53 I255N	1 / 331,0.30%	VEP: MODERATE, SIFT: deleterious - score 0, PolyPhen: probably_damaging - score 0.997
chr17:g.7675220delT	Deletion	Frameshift TP53 N131Tfs*39	1 / 331,0.30%	VEP: HIGH
chr17:g.7673743delCTTT	Deletion	Frameshift TP53 K292Gfs*52	1 / 331,0.30%	VEP: HIGH
chr17:g.7676041_7676042insGA	Insertion	Frameshift TP53 R110Sfs*14	1 / 331,0.30%	VEP: HIGH
chr17:g.7674193A>C	Substitution	Missense TP53 L257R	1 / 331,0.30%	VEP: MODERATE, SIFT: deleterious - score 0, PolyPhen: probably_damaging - score 0.998
chr17:g.7674199A>C	Substitution	Missense TP53 I255S	1 / 331,0.30%	VEP: MODERATE, SIFT: deleterious - score 0, PolyPhen: probably_damaging - score 0.995
chr17:g.7674200T>A	Substitution	Missense TP53 I255F	1 / 331,0.30%	VEP: MODERATE, SIFT: deleterious - score 0, PolyPhen: probably_damaging - score 0.984
chr17:g.7675235T>C	Substitution	Missense TP53 Y126C	1 / 331,0.30%	VEP: MODERATE, SIFT: deleterious - score 0, PolyPhen: probably_damaging - score 1
chr17:g.7675173delC	Deletion	Frameshift TP53 V147Lfs*23	1 / 331,0.30%	VEP: HIGH
chr17:g.7674239A>C	Substitution	Missense TP53 C242G	1 / 331,0.30%	VEP: MODERATE, SIFT: deleterious - score 0, PolyPhen: probably_damaging - score 1
chr17:g.7673783delCCCAGGAC…	Deletion	Protein Altering TP53 F270_G279...	1 / 331,0.30%	VEP: MODERATE
chr17:g.7674941A>C	Substitution	Missense TP53 V197G	1 / 331,0.30%	VEP: MODERATE, SIFT: deleterious - score 0, PolyPhen: probably_damaging - score 0.998
chr17:g.7673755_7673756insATTCTCTT…	Insertion	Frameshift TP53 L289Ffs*65	1 / 331,0.30%	VEP: HIGH
chr17:g.7675109T>G	Substitution	Missense TP53 H168P	1 / 331,0.30%	VEP: MODERATE, SIFT: deleterious - score 0, PolyPhen: probably_damaging - score 0.983
chr17:g.7673811A>G	Substitution	Missense TP53 F270S	1 / 331,0.30%	VEP: MODERATE, SIFT: deleterious - score 0, PolyPhen: probably_damaging - score 1
chr17:g.7675095C>A	Substitution	Missense TP53 V173L	1 / 331,0.30%	VEP: MODERATE, SIFT: deleterious - score 0, PolyPhen: possibly_damaging - score 0.827
chr17:g.7673834delACCACTA	Deletion	Splice Acceptor TP53 X261_splice	1 / 331,0.30%	VEP: HIGH
chr17:g.7673784C>T	Substitution	Missense TP53 G279E	1 / 331,0.30%	VEP: MODERATE, SIFT: deleterious - score 0, PolyPhen: probably_damaging - score 1
chr17:g.7676114_7676115insG	Insertion	Frameshift TP53 A86Cfs*63	1 / 331,0.30%	VEP: HIGH
chr17:g.7674900delT	Deletion	Frameshift TP53 T211Lfs*36	1 / 331,0.30%	VEP: HIGH
chr17:g.7675128_7675129insGGCCA	Insertion	Frameshift TP53 I162Wfs*10	1 / 331,0.30%	VEP: HIGH
chr17:g.7674292T>A	Substitution	Splice Acceptor TP53 X225_splice	1 / 331,0.30%	VEP: HIGH
chr17:g.7673764C>G	Substitution	Missense TP53 E286Q	1 / 331,0.30%	VEP: MODERATE, SIFT: deleterious - score 0, PolyPhen: probably_damaging - score 0.983
chr17:g.7674957G>A	Substitution	Stop Gained TP53 Q192*	1 / 331,0.30%	VEP: HIGH
chr17:g.7673777G>T	Substitution	Missense TP53 D281E	1 / 331,0.30%	VEP: MODERATE, SIFT: deleterious - score 0.01, PolyPhen: probably_damaging - score 0.938
chr17:g.7673782T>A	Substitution	Stop Gained TP53 R280*	1 / 331,0.30%	VEP: HIGH
chr17:g.7675144delGCG	Deletion	Inframe Deletion TP53 R156del	1 / 331,0.30%	VEP: MODERATE
chr17:g.7675205T>G	Substitution	Missense TP53 Q136P	1 / 331,0.30%	VEP: MODERATE, SIFT: deleterious - score 0, PolyPhen: probably_damaging - score 0.998
chr17:g.7676273C>G	Substitution	Splice Acceptor TP53 X33_splice	1 / 331,0.30%	VEP: HIGH
chr17:g.7675229delG	Deletion	Frameshift TP53 P128Lfs*42	1 / 331,0.30%	VEP: HIGH
chr17:g.7673733delTGAGGCTC…	Deletion	Frameshift TP53 E287Pfs*9	1 / 331,0.30%	VEP: HIGH
chr17:g.7675084G>T	Substitution	Stop Gained TP53 C176*	1 / 331,0.30%	VEP: HIGH
chr17:g.7674225C>T	Substitution	Missense TP53 M246I	1 / 331,0.30%	VEP: MODERATE, SIFT: deleterious - score 0, PolyPhen: probably_damaging - score 0.947
chr17:g.7675098delCCTC	Deletion	Frameshift TP53 E171Lfs*2	1 / 331,0.30%	VEP: HIGH
chr17:g.7673726_7673727insT	Insertion	Frameshift TP53 L299Afs*7	1 / 331,0.30%	VEP: HIGH
chr17:g.7676042_7676043insAA	Insertion	Frameshift TP53 R110Sfs*14	1 / 331,0.30%	VEP: HIGH
chr17:g.7675091delCTCACAAC…	Deletion	Frameshift TP53 Q165Afs*6	1 / 331,0.30%	VEP: HIGH
chr17:g.7674857A>T	Substitution	Splice Donor TP53 X224_splice	1 / 331,0.30%	VEP: HIGH
chr17:g.7675142A>T	Substitution	Missense TP53 V157D	1 / 331,0.30%	VEP: MODERATE, SIFT: deleterious - score 0, PolyPhen: probably_damaging - score 1